Subject,Start Date,Start Time,End Date,End Time,All Day Event
A.O 's birthday ,01/15/2019,07:00 AM,01/15/2019,10:00 PM,True
Absalom 's birthday ,12/30/2019,07:00 AM,12/30/2019,10:00 PM,True
Aisa 's birthday ,01/03/2019,07:00 AM,01/03/2019,10:00 PM,True
Aladine 's birthday ,01/31/2019,07:00 AM,01/31/2019,10:00 PM,True
Albion 's birthday ,11/09/2019,07:00 AM,11/09/2019,10:00 PM,True
Alvida 's birthday ,03/14/2019,07:00 AM,03/14/2019,10:00 PM,True
Amadob 's birthday ,06/20/2019,07:00 AM,06/20/2019,10:00 PM,True
Amazon 's birthday ,08/04/2019,07:00 AM,08/04/2019,10:00 PM,True
Andre 's birthday ,05/19/2019,07:00 AM,05/19/2019,10:00 PM,True
Ankoro 's birthday ,11/23/2019,07:00 AM,11/23/2019,10:00 PM,True
Aphelandra 's birthday ,08/01/2019,07:00 AM,08/01/2019,10:00 PM,True
Arlong 's birthday ,05/03/2019,07:00 AM,05/03/2019,10:00 PM,True
Atmos 's birthday ,03/19/2019,07:00 AM,03/19/2019,10:00 PM,True
Avalo Pizarro 's birthday ,09/30/2019,07:00 AM,09/30/2019,10:00 PM,True
Baby 5 's birthday ,05/15/2019,07:00 AM,05/15/2019,10:00 PM,True
Bartholomew Kuma 's birthday ,02/09/2019,07:00 AM,02/09/2019,10:00 PM,True
Bartolomeo 's birthday ,10/06/2019,07:00 AM,10/06/2019,10:00 PM,True
Basil Hawkins 's birthday ,09/09/2019,07:00 AM,09/09/2019,10:00 PM,True
Baskerville (Bas Kerville and “Princess”)  's birthday ,03/31/2019,07:00 AM,03/31/2019,10:00 PM,True
Bellamy 's birthday ,08/07/2019,07:00 AM,08/07/2019,10:00 PM,True
Bell-mère 's birthday ,12/03/2019,07:00 AM,12/03/2019,10:00 PM,True
Benn Beckman 's birthday ,11/09/2019,07:00 AM,11/09/2019,10:00 PM,True
Bepo 's birthday ,11/20/2019,07:00 AM,11/20/2019,10:00 PM,True
Big Pan 's birthday ,05/25/2019,07:00 AM,05/25/2019,10:00 PM,True
Bizarre 's birthday ,02/03/2019,07:00 AM,02/03/2019,10:00 PM,True
Blamenco 's birthday ,02/05/2019,07:00 AM,02/05/2019,10:00 PM,True
Blenheim 's birthday ,08/06/2019,07:00 AM,08/06/2019,10:00 PM,True
Blondie 's birthday ,02/07/2019,07:00 AM,02/07/2019,10:00 PM,True
Blue Gilly 's birthday ,11/27/2019,07:00 AM,11/27/2019,10:00 PM,True
Bluejam 's birthday ,02/16/2019,07:00 AM,02/16/2019,10:00 PM,True
Blueno 's birthday ,04/20/2019,07:00 AM,04/20/2019,10:00 PM,True
Boa Hancock 's birthday ,09/02/2019,07:00 AM,09/02/2019,10:00 PM,True
Boa Marigold 's birthday ,09/05/2019,07:00 AM,09/05/2019,10:00 PM,True
Boa Sandersonia 's birthday ,09/03/2019,07:00 AM,09/03/2019,10:00 PM,True
Bon Clay (Bentham) 's birthday ,08/15/2019,07:00 AM,08/15/2019,10:00 PM,True
Boo 's birthday ,08/20/2019,07:00 AM,08/20/2019,10:00 PM,True
Brannew 's birthday ,09/03/2019,07:00 AM,09/03/2019,10:00 PM,True
Brogy 's birthday ,02/01/2019,07:00 AM,02/01/2019,10:00 PM,True
Brook 's birthday ,04/03/2019,07:00 AM,04/03/2019,10:00 PM,True
Brownbeard 's birthday ,02/03/2019,07:00 AM,02/03/2019,10:00 PM,True
Buffalo 's birthday ,04/08/2019,07:00 AM,04/08/2019,10:00 PM,True
Buggy 's birthday ,08/08/2019,07:00 AM,08/08/2019,10:00 PM,True
Cabaji 's birthday ,09/08/2019,07:00 AM,09/08/2019,10:00 PM,True
Caesar Clown 's birthday ,04/09/2019,07:00 AM,04/09/2019,10:00 PM,True
Calgara 's birthday ,10/04/2019,07:00 AM,10/04/2019,10:00 PM,True
Capone Bege 's birthday ,01/17/2019,07:00 AM,01/17/2019,10:00 PM,True
Capote 's birthday ,05/01/2019,07:00 AM,05/01/2019,10:00 PM,True
Caribou 's birthday ,07/04/2019,07:00 AM,07/04/2019,10:00 PM,True
Carrot 's birthday ,05/24/2019,07:00 AM,05/24/2019,10:00 PM,True
Carue 's birthday ,11/08/2019,07:00 AM,11/08/2019,10:00 PM,True
Catarina Devon 's birthday ,03/29/2019,07:00 AM,03/29/2019,10:00 PM,True
Cavendish 's birthday ,08/31/2019,07:00 AM,08/31/2019,10:00 PM,True
Comile 's birthday ,10/01/2019,07:00 AM,10/01/2019,10:00 PM,True
Coribou 's birthday ,05/02/2019,07:00 AM,05/02/2019,10:00 PM,True
Chaka 's birthday ,04/26/2019,07:00 AM,04/26/2019,10:00 PM,True
Charlotte Daifuku 's birthday ,11/25/2019,07:00 AM,11/25/2019,10:00 PM,True
Charlotte Linlin 's birthday ,02/15/2019,07:00 AM,02/15/2019,10:00 PM,True
Charlotte Katakuri 's birthday ,11/25/2019,07:00 AM,11/25/2019,10:00 PM,True
Charlotte Oven 's birthday ,11/25/2019,07:00 AM,11/25/2019,10:00 PM,True
Charlotte Pudding 's birthday ,06/25/2019,07:00 AM,06/25/2019,10:00 PM,True
Charlotte Smoothie 's birthday ,10/12/2019,07:00 AM,10/12/2019,10:00 PM,True
Charloss 's birthday ,06/01/2019,07:00 AM,06/01/2019,10:00 PM,True
Chew 's birthday ,05/23/2019,07:00 AM,05/23/2019,10:00 PM,True
Chimney 's birthday ,06/02/2019,07:00 AM,06/02/2019,10:00 PM,True
Chinjao 's birthday ,12/12/2019,07:00 AM,12/12/2019,10:00 PM,True
Chyoko (Tamago) 's birthday ,04/14/2019,07:00 AM,04/14/2019,10:00 PM,True
Coby 's birthday ,05/13/2019,07:00 AM,05/13/2019,10:00 PM,True
Comile 's birthday ,10/01/2019,07:00 AM,10/01/2019,10:00 PM,True
Conis 's birthday ,05/20/2019,07:00 AM,05/20/2019,10:00 PM,True
Corgi 's birthday ,08/25/2019,07:00 AM,08/25/2019,10:00 PM,True
Crocodile 's birthday ,09/05/2019,07:00 AM,09/05/2019,10:00 PM,True
Crocus 's birthday ,01/04/2019,07:00 AM,01/04/2019,10:00 PM,True
Curiel 's birthday ,09/12/2019,07:00 AM,09/12/2019,10:00 PM,True
Curly Dadan 's birthday ,08/30/2019,07:00 AM,08/30/2019,10:00 PM,True
Daisy 's birthday ,02/15/2019,07:00 AM,02/15/2019,10:00 PM,True
Dalmatian 's birthday ,11/01/2019,07:00 AM,11/01/2019,10:00 PM,True
Dalton 's birthday ,06/10/2019,07:00 AM,06/10/2019,10:00 PM,True
Daruma 's birthday ,07/08/2019,07:00 AM,07/08/2019,10:00 PM,True
Daz Bones (Mr. 1) 's birthday ,01/01/2019,07:00 AM,01/01/2019,10:00 PM,True
Doma 's birthday ,02/01/2019,07:00 AM,02/01/2019,10:00 PM,True
Decalvan Brothers 's birthday ,05/22/2019,07:00 AM,05/22/2019,10:00 PM,True
Delacauaji 's birthday ,09/01/2019,07:00 AM,09/01/2019,10:00 PM,True
Dellinger 's birthday ,08/11/2019,07:00 AM,08/11/2019,10:00 PM,True
Demaro Black 's birthday ,05/05/2019,07:00 AM,05/05/2019,10:00 PM,True
Den 's birthday ,10/10/2019,07:00 AM,10/10/2019,10:00 PM,True
Devil Dias 's birthday ,09/18/2019,07:00 AM,09/18/2019,10:00 PM,True
Diamante 's birthday ,05/29/2019,07:00 AM,05/29/2019,10:00 PM,True
Disco 's birthday ,06/12/2019,07:00 AM,06/12/2019,10:00 PM,True
Doberman 's birthday ,10/08/2019,07:00 AM,10/08/2019,10:00 PM,True
Doc Q 's birthday ,10/18/2019,07:00 AM,10/18/2019,10:00 PM,True
Dogra 's birthday ,12/19/2019,07:00 AM,12/19/2019,10:00 PM,True
Doma 's birthday ,02/01/2019,07:00 AM,02/01/2019,10:00 PM,True
Domino 's birthday ,10/30/2019,07:00 AM,10/30/2019,10:00 PM,True
Donquixote Doflamingo 's birthday ,10/23/2019,07:00 AM,10/23/2019,10:00 PM,True
Donquixote Rosinante 's birthday ,07/15/2019,07:00 AM,07/15/2019,10:00 PM,True
Dorry 's birthday ,10/02/2019,07:00 AM,10/02/2019,10:00 PM,True
Dosun 's birthday ,10/09/2019,07:00 AM,10/09/2019,10:00 PM,True
Duval 's birthday ,08/11/2019,07:00 AM,08/11/2019,10:00 PM,True
Dracule Mihawk 's birthday ,03/09/2019,07:00 AM,03/09/2019,10:00 PM,True
Edward Newgate 's birthday ,04/06/2019,07:00 AM,04/06/2019,10:00 PM,True
Elmy 's birthday ,06/30/2019,07:00 AM,06/30/2019,10:00 PM,True
Emporio Ivankov 's birthday ,01/08/2019,07:00 AM,01/08/2019,10:00 PM,True
Enel 's birthday ,05/06/2019,07:00 AM,05/06/2019,10:00 PM,True
Enishida 's birthday ,02/24/2019,07:00 AM,02/24/2019,10:00 PM,True
Epoida 's birthday ,06/04/2019,07:00 AM,06/04/2019,10:00 PM,True
Eustass Kid 's birthday ,01/10/2019,07:00 AM,01/10/2019,10:00 PM,True
Fisher Tiger 's birthday ,11/05/2019,07:00 AM,11/05/2019,10:00 PM,True
Franky 's birthday ,03/09/2019,07:00 AM,03/09/2019,10:00 PM,True
Fossa 's birthday ,04/15/2019,07:00 AM,04/15/2019,10:00 PM,True
Foxy 's birthday ,04/04/2019,07:00 AM,04/04/2019,10:00 PM,True
Fujitora (Issho) 's birthday ,08/10/2019,07:00 AM,08/10/2019,10:00 PM,True
Fukaboshi 's birthday ,02/04/2019,07:00 AM,02/04/2019,10:00 PM,True
Fukuro 's birthday ,06/29/2019,07:00 AM,06/29/2019,10:00 PM,True
Funkfreed 's birthday ,04/28/2019,07:00 AM,04/28/2019,10:00 PM,True
Fuza 's birthday ,02/03/2019,07:00 AM,02/03/2019,10:00 PM,True
Galdino (Mr. 3) 's birthday ,03/03/2019,07:00 AM,03/03/2019,10:00 PM,True
Gaimon 's birthday ,08/05/2019,07:00 AM,08/05/2019,10:00 PM,True
Gan Fal 's birthday ,12/22/2019,07:00 AM,12/22/2019,10:00 PM,True
Gedatsu 's birthday ,08/10/2019,07:00 AM,08/10/2019,10:00 PM,True
Gekko Moriah 's birthday ,09/06/2019,07:00 AM,09/06/2019,10:00 PM,True
Genbo 's birthday ,02/09/2019,07:00 AM,02/09/2019,10:00 PM,True
Gin 's birthday ,04/07/2019,07:00 AM,04/07/2019,10:00 PM,True
Gladius 's birthday ,08/06/2019,07:00 AM,08/06/2019,10:00 PM,True
Gloriosa 's birthday ,02/04/2019,07:00 AM,02/04/2019,10:00 PM,True
Going Merry 's birthday ,01/22/2019,07:00 AM,01/22/2019,10:00 PM,True
Gol D. Roger 's birthday ,12/31/2019,07:00 AM,12/31/2019,10:00 PM,True
Gomorrah 's birthday ,08/06/2019,07:00 AM,08/06/2019,10:00 PM,True
Gonbe 's birthday ,02/08/2019,07:00 AM,02/08/2019,10:00 PM,True
Gorilla 's birthday ,05/18/2019,07:00 AM,05/18/2019,10:00 PM,True
Goro 's birthday ,11/26/2019,07:00 AM,11/26/2019,10:00 PM,True
Gyro 's birthday ,06/22/2019,07:00 AM,06/22/2019,10:00 PM,True
Hack 's birthday ,08/09/2019,07:00 AM,08/09/2019,10:00 PM,True
Hamburg 's birthday ,02/22/2019,07:00 AM,02/22/2019,10:00 PM,True
Hammond 's birthday ,07/17/2019,07:00 AM,07/17/2019,10:00 PM,True
Hannyabal 's birthday ,08/28/2019,07:00 AM,08/28/2019,10:00 PM,True
Haredas 's birthday ,10/14/2019,07:00 AM,10/14/2019,10:00 PM,True
Hatchan 's birthday ,08/08/2019,07:00 AM,08/08/2019,10:00 PM,True
Hattori 's birthday ,08/10/2019,07:00 AM,08/10/2019,10:00 PM,True
Helmeppo 's birthday ,07/16/2019,07:00 AM,07/16/2019,10:00 PM,True
Heracles 's birthday ,05/10/2019,07:00 AM,05/10/2019,10:00 PM,True
Hiluluk 's birthday ,01/12/2019,07:00 AM,01/12/2019,10:00 PM,True
Hina 's birthday ,03/03/2019,07:00 AM,03/03/2019,10:00 PM,True
Hoe 's birthday ,09/13/2019,07:00 AM,09/13/2019,10:00 PM,True
Hody Jones 's birthday ,04/14/2019,07:00 AM,04/14/2019,10:00 PM,True
Hogback 's birthday ,12/19/2019,07:00 AM,12/19/2019,10:00 PM,True
Holy 's birthday ,11/07/2019,07:00 AM,11/07/2019,10:00 PM,True
Hyouzou 's birthday ,04/18/2019,07:00 AM,04/18/2019,10:00 PM,True
Iceburg 's birthday ,01/03/2019,07:00 AM,01/03/2019,10:00 PM,True
Igaram 's birthday ,12/06/2019,07:00 AM,12/06/2019,10:00 PM,True
Ikaros Much 's birthday ,01/13/2019,07:00 AM,01/13/2019,10:00 PM,True
Inazuma 's birthday ,08/03/2019,07:00 AM,08/03/2019,10:00 PM,True
Indigo 's birthday ,12/05/2019,07:00 AM,12/05/2019,10:00 PM,True
Inuarashi 's birthday ,10/11/2019,07:00 AM,10/11/2019,10:00 PM,True
Islewan 's birthday ,01/01/2019,07:00 AM,01/01/2019,10:00 PM,True
Isshily 's birthday ,05/04/2019,07:00 AM,05/04/2019,10:00 PM,True
Itomimizu 's birthday ,01/11/2019,07:00 AM,01/11/2019,10:00 PM,True
Izo 's birthday ,10/13/2019,07:00 AM,10/13/2019,10:00 PM,True
Jabra 's birthday ,06/05/2019,07:00 AM,06/05/2019,10:00 PM,True
Jaguar D. Saulo 's birthday ,03/06/2019,07:00 AM,03/06/2019,10:00 PM,True
Jalmack 's birthday ,11/09/2019,07:00 AM,11/09/2019,10:00 PM,True
Jean Bart 's birthday ,04/06/2019,07:00 AM,04/06/2019,10:00 PM,True
Jesus Burgess 's birthday ,12/25/2019,07:00 AM,12/25/2019,10:00 PM,True
Jerry 's birthday ,02/22/2019,07:00 AM,02/22/2019,10:00 PM,True
Jewelry Bonney 's birthday ,09/01/2019,07:00 AM,09/01/2019,10:00 PM,True
Jinbe 's birthday ,04/02/2019,07:00 AM,04/02/2019,10:00 PM,True
John Giant 's birthday ,05/19/2019,07:00 AM,05/19/2019,10:00 PM,True
Jora 's birthday ,01/25/2019,07:00 AM,01/25/2019,10:00 PM,True
Jozu 's birthday ,11/11/2019,07:00 AM,11/11/2019,10:00 PM,True
Kadar 's birthday ,07/29/2019,07:00 AM,07/29/2019,10:00 PM,True
Kaku 's birthday ,08/07/2019,07:00 AM,08/07/2019,10:00 PM,True
Kaido 's birthday ,05/01/2019,07:00 AM,05/01/2019,10:00 PM,True
Kalifa 's birthday ,04/23/2019,07:00 AM,04/23/2019,10:00 PM,True
Kamakiri 's birthday ,07/10/2019,07:00 AM,07/10/2019,10:00 PM,True
Kanjuro 's birthday ,07/21/2019,07:00 AM,07/21/2019,10:00 PM,True
Karma 's birthday ,06/06/2019,07:00 AM,06/06/2019,10:00 PM,True
Kashi 's birthday ,04/01/2019,07:00 AM,04/01/2019,10:00 PM,True
Kashigami 's birthday ,11/04/2019,07:00 AM,11/04/2019,10:00 PM,True
Kaya 's birthday ,08/08/2019,07:00 AM,08/08/2019,10:00 PM,True
Keimi 's birthday ,11/03/2019,07:00 AM,11/03/2019,10:00 PM,True
Kiwi 's birthday ,09/01/2019,07:00 AM,09/01/2019,10:00 PM,True
Kin’emon 's birthday ,01/15/2019,07:00 AM,01/15/2019,10:00 PM,True
Kingdew 's birthday ,11/13/2019,07:00 AM,11/13/2019,10:00 PM,True
Killer 's birthday ,02/02/2019,07:00 AM,02/02/2019,10:00 PM,True
Kizaru (Borsalino) 's birthday ,11/23/2019,07:00 AM,11/23/2019,10:00 PM,True
Koala 's birthday ,10/25/2019,07:00 AM,10/25/2019,10:00 PM,True
Kohza 's birthday ,05/26/2019,07:00 AM,05/26/2019,10:00 PM,True
Kokoro 's birthday ,10/05/2019,07:00 AM,10/05/2019,10:00 PM,True
Kong 's birthday ,05/09/2019,07:00 AM,05/09/2019,10:00 PM,True
Krieg 's birthday ,09/19/2019,07:00 AM,09/19/2019,10:00 PM,True
Kuina 's birthday ,09/17/2019,07:00 AM,09/17/2019,10:00 PM,True
Kumadori 's birthday ,02/20/2019,07:00 AM,02/20/2019,10:00 PM,True
Kumashi 's birthday ,09/04/2019,07:00 AM,09/04/2019,10:00 PM,True
Kuro 's birthday ,04/22/2019,07:00 AM,04/22/2019,10:00 PM,True
Kuroobi 's birthday ,10/25/2019,07:00 AM,10/25/2019,10:00 PM,True
Kuzan 's birthday ,09/21/2019,07:00 AM,09/21/2019,10:00 PM,True
Kyros 's birthday ,09/22/2019,07:00 AM,09/22/2019,10:00 PM,True
Laboon 's birthday ,09/16/2019,07:00 AM,09/16/2019,10:00 PM,True
Lacroix 's birthday ,06/08/2019,07:00 AM,06/08/2019,10:00 PM,True
Lacuba 's birthday ,05/31/2019,07:00 AM,05/31/2019,10:00 PM,True
Lafitte 's birthday ,03/13/2019,07:00 AM,03/13/2019,10:00 PM,True
Lao G 's birthday ,10/07/2019,07:00 AM,10/07/2019,10:00 PM,True
Laki 's birthday ,07/07/2019,07:00 AM,07/07/2019,10:00 PM,True
Leo 's birthday ,07/24/2019,07:00 AM,07/24/2019,10:00 PM,True
Lieu. Spacey 's birthday ,03/21/2019,07:00 AM,03/21/2019,10:00 PM,True
Little Oars Jr. 's birthday ,02/12/2019,07:00 AM,02/12/2019,10:00 PM,True
Lola 's birthday ,01/27/2019,07:00 AM,01/27/2019,10:00 PM,True
Lord of the Earth 's birthday ,08/04/2019,07:00 AM,08/04/2019,10:00 PM,True
Lord of the Forest 's birthday ,04/04/2019,07:00 AM,04/04/2019,10:00 PM,True
Lucky Roo 's birthday ,07/06/2019,07:00 AM,07/06/2019,10:00 PM,True
Machvise 's birthday ,08/13/2019,07:00 AM,08/13/2019,10:00 PM,True
Macro 's birthday ,09/06/2019,07:00 AM,09/06/2019,10:00 PM,True
Magellan 's birthday ,10/09/2019,07:00 AM,10/09/2019,10:00 PM,True
Magra 's birthday ,10/20/2019,07:00 AM,10/20/2019,10:00 PM,True
Makino 's birthday ,02/23/2019,07:00 AM,02/23/2019,10:00 PM,True
Manboshi 's birthday ,03/30/2019,07:00 AM,03/30/2019,10:00 PM,True
Marco 's birthday ,10/05/2019,07:00 AM,10/05/2019,10:00 PM,True
Marguerite 's birthday ,04/09/2019,07:00 AM,04/09/2019,10:00 PM,True
Marshall D. Teach 's birthday ,08/03/2019,07:00 AM,08/03/2019,10:00 PM,True
Masira 's birthday ,03/04/2019,07:00 AM,03/04/2019,10:00 PM,True
McGuy 's birthday ,09/03/2019,07:00 AM,09/03/2019,10:00 PM,True
Megalo 's birthday ,04/08/2019,07:00 AM,04/08/2019,10:00 PM,True
Mikazuki 's birthday ,02/10/2019,07:00 AM,02/10/2019,10:00 PM,True
Minister of the Left 's birthday ,07/02/2019,07:00 AM,07/02/2019,10:00 PM,True
Minister of the Right 's birthday ,04/05/2019,07:00 AM,04/05/2019,10:00 PM,True
Minokoala 's birthday ,03/05/2019,07:00 AM,03/05/2019,10:00 PM,True
Minorhinoceros 's birthday ,03/01/2019,07:00 AM,03/01/2019,10:00 PM,True
Minotaurus 's birthday ,03/04/2019,07:00 AM,03/04/2019,10:00 PM,True
Minozebra 's birthday ,03/07/2019,07:00 AM,03/07/2019,10:00 PM,True
Miss Father’s Day 's birthday ,06/21/2019,07:00 AM,06/21/2019,10:00 PM,True
Miss Goldenweek 's birthday ,04/29/2019,07:00 AM,04/29/2019,10:00 PM,True
Miss Valentine 's birthday ,02/14/2019,07:00 AM,02/14/2019,10:00 PM,True
Moda 's birthday ,06/01/2019,07:00 AM,06/01/2019,10:00 PM,True
Mohji 's birthday ,10/01/2019,07:00 AM,10/01/2019,10:00 PM,True
Mohmoo 's birthday ,04/09/2019,07:00 AM,04/09/2019,10:00 PM,True
Momonga 's birthday ,06/06/2019,07:00 AM,06/06/2019,10:00 PM,True
Monda 's birthday ,04/03/2019,07:00 AM,04/03/2019,10:00 PM,True
Monet 's birthday ,08/27/2019,07:00 AM,08/27/2019,10:00 PM,True
Monkey D. Dragon 's birthday ,10/05/2019,07:00 AM,10/05/2019,10:00 PM,True
Monkey D. Garp 's birthday ,05/02/2019,07:00 AM,05/02/2019,10:00 PM,True
Monkey D. Luffy 's birthday ,05/05/2019,07:00 AM,05/05/2019,10:00 PM,True
Montblanc Cricket 's birthday ,09/11/2019,07:00 AM,09/11/2019,10:00 PM,True
Montblanc Noland 's birthday ,10/09/2019,07:00 AM,10/09/2019,10:00 PM,True
Morgan 's birthday ,04/13/2019,07:00 AM,04/13/2019,10:00 PM,True
Mousse 's birthday ,06/03/2019,07:00 AM,06/03/2019,10:00 PM,True
Motobaro 's birthday ,08/19/2019,07:00 AM,08/19/2019,10:00 PM,True
Mozu 's birthday ,01/07/2019,07:00 AM,01/07/2019,10:00 PM,True
Mr. 5 's birthday ,07/26/2019,07:00 AM,07/26/2019,10:00 PM,True
Nami 's birthday ,07/03/2019,07:00 AM,07/03/2019,10:00 PM,True
Namur 's birthday ,07/06/2019,07:00 AM,07/06/2019,10:00 PM,True
Nekomamushi 's birthday ,11/22/2019,07:00 AM,11/22/2019,10:00 PM,True
Nefeltari Cobra 's birthday ,02/13/2019,07:00 AM,02/13/2019,10:00 PM,True
Nefeltari Vivi 's birthday ,02/02/2019,07:00 AM,02/02/2019,10:00 PM,True
Neptune 's birthday ,07/03/2019,07:00 AM,07/03/2019,10:00 PM,True
Nero 's birthday ,01/26/2019,07:00 AM,01/26/2019,10:00 PM,True
Nico Robin 's birthday ,02/06/2019,07:00 AM,02/06/2019,10:00 PM,True
Nico Olivia 's birthday ,02/06/2019,07:00 AM,02/06/2019,10:00 PM,True
Nola 's birthday ,03/10/2019,07:00 AM,03/10/2019,10:00 PM,True
Nojiko 's birthday ,07/25/2019,07:00 AM,07/25/2019,10:00 PM,True
Oars 's birthday ,10/04/2019,07:00 AM,10/04/2019,10:00 PM,True
Octopako 's birthday ,08/05/2019,07:00 AM,08/05/2019,10:00 PM,True
Ohm 's birthday ,03/25/2019,07:00 AM,03/25/2019,10:00 PM,True
Oimo 's birthday ,01/06/2019,07:00 AM,01/06/2019,10:00 PM,True
Onigumo 's birthday ,02/08/2019,07:00 AM,02/08/2019,10:00 PM,True
Otohime 's birthday ,01/10/2019,07:00 AM,01/10/2019,10:00 PM,True
Palms 's birthday ,03/11/2019,07:00 AM,03/11/2019,10:00 PM,True
Pandaman 's birthday ,02/29/2020,07:00 AM,02/29/2020,10:00 PM,True
Pappug 's birthday ,09/21/2019,07:00 AM,09/21/2019,10:00 PM,True
Paulie 's birthday ,07/08/2019,07:00 AM,07/08/2019,10:00 PM,True
Pedro 's birthday ,06/16/2019,07:00 AM,06/16/2019,10:00 PM,True
Peeply Lulu 's birthday ,01/02/2019,07:00 AM,01/02/2019,10:00 PM,True
Pell 's birthday ,08/23/2019,07:00 AM,08/23/2019,10:00 PM,True
Pekoms 's birthday ,04/11/2019,07:00 AM,04/11/2019,10:00 PM,True
Penguin 's birthday ,04/25/2019,07:00 AM,04/25/2019,10:00 PM,True
Perona 's birthday ,06/07/2019,07:00 AM,06/07/2019,10:00 PM,True
Peterman 's birthday ,01/04/2019,07:00 AM,01/04/2019,10:00 PM,True
Pica 's birthday ,12/14/2019,07:00 AM,12/14/2019,10:00 PM,True
Pickles 's birthday ,01/09/2019,07:00 AM,01/09/2019,10:00 PM,True
Pierre 's birthday ,10/08/2019,07:00 AM,10/08/2019,10:00 PM,True
Porche 's birthday ,11/16/2019,07:00 AM,11/16/2019,10:00 PM,True
Porchemi 's birthday ,04/03/2019,07:00 AM,04/03/2019,10:00 PM,True
Portgas D. Ace 's birthday ,01/01/2019,07:00 AM,01/01/2019,10:00 PM,True
Portgas D. Rouge 's birthday ,06/10/2019,07:00 AM,06/10/2019,10:00 PM,True
Rakuyo 's birthday ,09/08/2019,07:00 AM,09/08/2019,10:00 PM,True
Rampo 's birthday ,07/10/2019,07:00 AM,07/10/2019,10:00 PM,True
Ran 's birthday ,11/24/2019,07:00 AM,11/24/2019,10:00 PM,True
Rebecca 's birthday ,08/04/2019,07:00 AM,08/04/2019,10:00 PM,True
Richie 's birthday ,07/21/2019,07:00 AM,07/21/2019,10:00 PM,True
Riku Dold III 's birthday ,06/27/2019,07:00 AM,06/27/2019,10:00 PM,True
Rindo 's birthday ,09/16/2019,07:00 AM,09/16/2019,10:00 PM,True
Rob Lucci 's birthday ,06/02/2019,07:00 AM,06/02/2019,10:00 PM,True
Rockstar 's birthday ,06/09/2019,07:00 AM,06/09/2019,10:00 PM,True
Ronse 's birthday ,06/02/2019,07:00 AM,06/02/2019,10:00 PM,True
Roronoa Zoro 's birthday ,11/11/2019,07:00 AM,11/11/2019,10:00 PM,True
Roswald 's birthday ,06/28/2019,07:00 AM,06/28/2019,10:00 PM,True
Ryuuboshi 's birthday ,06/24/2019,07:00 AM,06/24/2019,10:00 PM,True
Ryuuma 's birthday ,11/06/2019,07:00 AM,11/06/2019,10:00 PM,True
Sabo 's birthday ,03/20/2019,07:00 AM,03/20/2019,10:00 PM,True
Sadi-chan 's birthday ,03/05/2019,07:00 AM,03/05/2019,10:00 PM,True
Sai 's birthday ,08/13/2019,07:00 AM,08/13/2019,10:00 PM,True
Sakazuki 's birthday ,08/16/2019,07:00 AM,08/16/2019,10:00 PM,True
Saldeath 's birthday ,06/08/2019,07:00 AM,06/08/2019,10:00 PM,True
Salome 's birthday ,03/06/2019,07:00 AM,03/06/2019,10:00 PM,True
Satori 's birthday ,03/10/2019,07:00 AM,03/10/2019,10:00 PM,True
Scarlet 's birthday ,10/28/2019,07:00 AM,10/28/2019,10:00 PM,True
Scratchmen Apoo 's birthday ,03/19/2019,07:00 AM,03/19/2019,10:00 PM,True
Sengoku 's birthday ,05/09/2019,07:00 AM,05/09/2019,10:00 PM,True
Senor Pink 's birthday ,06/12/2019,07:00 AM,06/12/2019,10:00 PM,True
Sentomaru 's birthday ,03/10/2019,07:00 AM,03/10/2019,10:00 PM,True
Seto 's birthday ,07/16/2019,07:00 AM,07/16/2019,10:00 PM,True
Shachi 's birthday ,04/07/2019,07:00 AM,04/07/2019,10:00 PM,True
Shakuyaku (Shakky) 's birthday ,05/08/2019,07:00 AM,05/08/2019,10:00 PM,True
Shalulia 's birthday ,03/29/2019,07:00 AM,03/29/2019,10:00 PM,True
Shanks 's birthday ,03/09/2019,07:00 AM,03/09/2019,10:00 PM,True
Sherrie 's birthday ,10/31/2019,07:00 AM,10/31/2019,10:00 PM,True
Shiki 's birthday ,03/20/2019,07:00 AM,03/20/2019,10:00 PM,True
Shilliew 's birthday ,06/11/2019,07:00 AM,06/11/2019,10:00 PM,True
Shirahoshi 's birthday ,04/04/2019,07:00 AM,04/04/2019,10:00 PM,True
Shura 's birthday ,09/20/2019,07:00 AM,09/20/2019,10:00 PM,True
Shyarley 's birthday ,09/09/2019,07:00 AM,09/09/2019,10:00 PM,True
Silvers Rayleigh 's birthday ,05/13/2019,07:00 AM,05/13/2019,10:00 PM,True
Smoker 's birthday ,03/14/2019,07:00 AM,03/14/2019,10:00 PM,True
Sodom 's birthday ,08/06/2019,07:00 AM,08/06/2019,10:00 PM,True
Spandam 's birthday ,03/11/2019,07:00 AM,03/11/2019,10:00 PM,True
Splash 's birthday ,01/18/2019,07:00 AM,01/18/2019,10:00 PM,True
Splatter 's birthday ,01/18/2019,07:00 AM,01/18/2019,10:00 PM,True
Spandine 's birthday ,01/19/2019,07:00 AM,01/19/2019,10:00 PM,True
Speed Jiru 's birthday ,04/06/2019,07:00 AM,04/06/2019,10:00 PM,True
Spoil 's birthday ,09/15/2019,07:00 AM,09/15/2019,10:00 PM,True
Squard 's birthday ,09/06/2019,07:00 AM,09/06/2019,10:00 PM,True
Stelly 's birthday ,03/12/2019,07:00 AM,03/12/2019,10:00 PM,True
Strawberry 's birthday ,01/05/2019,07:00 AM,01/05/2019,10:00 PM,True
Stronger 's birthday ,04/16/2019,07:00 AM,04/16/2019,10:00 PM,True
Sugar 's birthday ,10/22/2019,07:00 AM,10/22/2019,10:00 PM,True
Surume 's birthday ,06/09/2019,07:00 AM,06/09/2019,10:00 PM,True
Suu 's birthday ,09/24/2019,07:00 AM,09/24/2019,10:00 PM,True
Sweet Pea 's birthday ,01/14/2019,07:00 AM,01/14/2019,10:00 PM,True
T-Bone 's birthday ,09/10/2019,07:00 AM,09/10/2019,10:00 PM,True
Taroimo 's birthday ,10/16/2019,07:00 AM,10/16/2019,10:00 PM,True
Tashigi 's birthday ,10/06/2019,07:00 AM,10/06/2019,10:00 PM,True
Terracotta 's birthday ,09/25/2019,07:00 AM,09/25/2019,10:00 PM,True
Thatch 's birthday ,03/24/2019,07:00 AM,03/24/2019,10:00 PM,True
Tilestone 's birthday ,01/06/2019,07:00 AM,01/06/2019,10:00 PM,True
Tom 's birthday ,03/16/2019,07:00 AM,03/16/2019,10:00 PM,True
Tonjit 's birthday ,10/02/2019,07:00 AM,10/02/2019,10:00 PM,True
Tony Tony Chopper 's birthday ,12/24/2019,07:00 AM,12/24/2019,10:00 PM,True
Toto 's birthday ,06/17/2019,07:00 AM,06/17/2019,10:00 PM,True
Trafalgar Law 's birthday ,10/06/2019,07:00 AM,10/06/2019,10:00 PM,True
Trebol 's birthday ,03/18/2019,07:00 AM,03/18/2019,10:00 PM,True
Tsukimi 's birthday ,08/15/2019,07:00 AM,08/15/2019,10:00 PM,True
Tsuru 's birthday ,03/26/2019,07:00 AM,03/26/2019,10:00 PM,True
Tyrannosaurus 's birthday ,10/20/2019,07:00 AM,10/20/2019,10:00 PM,True
Urouge 's birthday ,08/01/2019,07:00 AM,08/01/2019,10:00 PM,True
Usopp 's birthday ,04/01/2019,07:00 AM,04/01/2019,10:00 PM,True
Van Augur 's birthday ,10/05/2019,07:00 AM,10/05/2019,10:00 PM,True
Vander Decken IX 's birthday ,08/22/2019,07:00 AM,08/22/2019,10:00 PM,True
Vasco Shot 's birthday ,08/05/2019,07:00 AM,08/05/2019,10:00 PM,True
Vegapunk 's birthday ,08/09/2019,07:00 AM,08/09/2019,10:00 PM,True
Vergo 's birthday ,07/05/2019,07:00 AM,07/05/2019,10:00 PM,True
Verygood 's birthday ,09/10/2019,07:00 AM,09/10/2019,10:00 PM,True
Vinsmoke Ichiji 's birthday ,03/02/2019,07:00 AM,03/02/2019,10:00 PM,True
Vinsmoke Niji 's birthday ,03/02/2019,07:00 AM,03/02/2019,10:00 PM,True
Vinsmoke Reiju 's birthday ,11/11/2019,07:00 AM,11/11/2019,10:00 PM,True
Vinsmoke Sora 's birthday ,07/09/2019,07:00 AM,07/09/2019,10:00 PM,True
Vinsmoke Sanji 's birthday ,03/02/2019,07:00 AM,03/02/2019,10:00 PM,True
Vinsmoke Yonji 's birthday ,03/02/2019,07:00 AM,03/02/2019,10:00 PM,True
Viola (Violet) 's birthday ,04/30/2019,07:00 AM,04/30/2019,10:00 PM,True
Vista 's birthday ,02/05/2019,07:00 AM,02/05/2019,10:00 PM,True
Wadatsumi 's birthday ,02/09/2019,07:00 AM,02/09/2019,10:00 PM,True
Wanze 's birthday ,09/04/2019,07:00 AM,09/04/2019,10:00 PM,True
Wapol 's birthday ,08/09/2019,07:00 AM,08/09/2019,10:00 PM,True
Whitey Bay 's birthday ,10/31/2019,07:00 AM,10/31/2019,10:00 PM,True
Wiper 's birthday ,08/18/2019,07:00 AM,08/18/2019,10:00 PM,True
Woop Slap 's birthday ,02/28/2019,07:00 AM,02/28/2019,10:00 PM,True
X (Diez) Drake 's birthday ,10/24/2019,07:00 AM,10/24/2019,10:00 PM,True
Yama 's birthday ,10/03/2019,07:00 AM,10/03/2019,10:00 PM,True
Yamakaji 's birthday ,04/05/2019,07:00 AM,04/05/2019,10:00 PM,True
Yasopp 's birthday ,08/02/2019,07:00 AM,08/02/2019,10:00 PM,True
Yorki 's birthday ,04/09/2019,07:00 AM,04/09/2019,10:00 PM,True
Zambia 's birthday ,03/08/2019,07:00 AM,03/08/2019,10:00 PM,True
Zeff 's birthday ,04/02/2019,07:00 AM,04/02/2019,10:00 PM,True
Zeo 's birthday ,11/11/2019,07:00 AM,11/11/2019,10:00 PM,True
A.O 's birthday ,01/15/2020,07:00 AM,01/15/2020,10:00 PM,True
Absalom 's birthday ,12/30/2020,07:00 AM,12/30/2020,10:00 PM,True
Aisa 's birthday ,01/03/2020,07:00 AM,01/03/2020,10:00 PM,True
Aladine 's birthday ,01/31/2020,07:00 AM,01/31/2020,10:00 PM,True
Albion 's birthday ,11/09/2020,07:00 AM,11/09/2020,10:00 PM,True
Alvida 's birthday ,03/14/2020,07:00 AM,03/14/2020,10:00 PM,True
Amadob 's birthday ,06/20/2020,07:00 AM,06/20/2020,10:00 PM,True
Amazon 's birthday ,08/04/2020,07:00 AM,08/04/2020,10:00 PM,True
Andre 's birthday ,05/19/2020,07:00 AM,05/19/2020,10:00 PM,True
Ankoro 's birthday ,11/23/2020,07:00 AM,11/23/2020,10:00 PM,True
Aphelandra 's birthday ,08/01/2020,07:00 AM,08/01/2020,10:00 PM,True
Arlong 's birthday ,05/03/2020,07:00 AM,05/03/2020,10:00 PM,True
Atmos 's birthday ,03/19/2020,07:00 AM,03/19/2020,10:00 PM,True
Avalo Pizarro 's birthday ,09/30/2020,07:00 AM,09/30/2020,10:00 PM,True
Baby 5 's birthday ,05/15/2020,07:00 AM,05/15/2020,10:00 PM,True
Bartholomew Kuma 's birthday ,02/09/2020,07:00 AM,02/09/2020,10:00 PM,True
Bartolomeo 's birthday ,10/06/2020,07:00 AM,10/06/2020,10:00 PM,True
Basil Hawkins 's birthday ,09/09/2020,07:00 AM,09/09/2020,10:00 PM,True
Baskerville (Bas Kerville and “Princess”)  's birthday ,03/31/2020,07:00 AM,03/31/2020,10:00 PM,True
Bellamy 's birthday ,08/07/2020,07:00 AM,08/07/2020,10:00 PM,True
Bell-mère 's birthday ,12/03/2020,07:00 AM,12/03/2020,10:00 PM,True
Benn Beckman 's birthday ,11/09/2020,07:00 AM,11/09/2020,10:00 PM,True
Bepo 's birthday ,11/20/2020,07:00 AM,11/20/2020,10:00 PM,True
Big Pan 's birthday ,05/25/2020,07:00 AM,05/25/2020,10:00 PM,True
Bizarre 's birthday ,02/03/2020,07:00 AM,02/03/2020,10:00 PM,True
Blamenco 's birthday ,02/05/2020,07:00 AM,02/05/2020,10:00 PM,True
Blenheim 's birthday ,08/06/2020,07:00 AM,08/06/2020,10:00 PM,True
Blondie 's birthday ,02/07/2020,07:00 AM,02/07/2020,10:00 PM,True
Blue Gilly 's birthday ,11/27/2020,07:00 AM,11/27/2020,10:00 PM,True
Bluejam 's birthday ,02/16/2020,07:00 AM,02/16/2020,10:00 PM,True
Blueno 's birthday ,04/20/2020,07:00 AM,04/20/2020,10:00 PM,True
Boa Hancock 's birthday ,09/02/2020,07:00 AM,09/02/2020,10:00 PM,True
Boa Marigold 's birthday ,09/05/2020,07:00 AM,09/05/2020,10:00 PM,True
Boa Sandersonia 's birthday ,09/03/2020,07:00 AM,09/03/2020,10:00 PM,True
Bon Clay (Bentham) 's birthday ,08/15/2020,07:00 AM,08/15/2020,10:00 PM,True
Boo 's birthday ,08/20/2020,07:00 AM,08/20/2020,10:00 PM,True
Brannew 's birthday ,09/03/2020,07:00 AM,09/03/2020,10:00 PM,True
Brogy 's birthday ,02/01/2020,07:00 AM,02/01/2020,10:00 PM,True
Brook 's birthday ,04/03/2020,07:00 AM,04/03/2020,10:00 PM,True
Brownbeard 's birthday ,02/03/2020,07:00 AM,02/03/2020,10:00 PM,True
Buffalo 's birthday ,04/08/2020,07:00 AM,04/08/2020,10:00 PM,True
Buggy 's birthday ,08/08/2020,07:00 AM,08/08/2020,10:00 PM,True
Cabaji 's birthday ,09/08/2020,07:00 AM,09/08/2020,10:00 PM,True
Caesar Clown 's birthday ,04/09/2020,07:00 AM,04/09/2020,10:00 PM,True
Calgara 's birthday ,10/04/2020,07:00 AM,10/04/2020,10:00 PM,True
Capone Bege 's birthday ,01/17/2020,07:00 AM,01/17/2020,10:00 PM,True
Capote 's birthday ,05/01/2020,07:00 AM,05/01/2020,10:00 PM,True
Caribou 's birthday ,07/04/2020,07:00 AM,07/04/2020,10:00 PM,True
Carrot 's birthday ,05/24/2020,07:00 AM,05/24/2020,10:00 PM,True
Carue 's birthday ,11/08/2020,07:00 AM,11/08/2020,10:00 PM,True
Catarina Devon 's birthday ,03/29/2020,07:00 AM,03/29/2020,10:00 PM,True
Cavendish 's birthday ,08/31/2020,07:00 AM,08/31/2020,10:00 PM,True
Comile 's birthday ,10/01/2020,07:00 AM,10/01/2020,10:00 PM,True
Coribou 's birthday ,05/02/2020,07:00 AM,05/02/2020,10:00 PM,True
Chaka 's birthday ,04/26/2020,07:00 AM,04/26/2020,10:00 PM,True
Charlotte Daifuku 's birthday ,11/25/2020,07:00 AM,11/25/2020,10:00 PM,True
Charlotte Linlin 's birthday ,02/15/2020,07:00 AM,02/15/2020,10:00 PM,True
Charlotte Katakuri 's birthday ,11/25/2020,07:00 AM,11/25/2020,10:00 PM,True
Charlotte Oven 's birthday ,11/25/2020,07:00 AM,11/25/2020,10:00 PM,True
Charlotte Pudding 's birthday ,06/25/2020,07:00 AM,06/25/2020,10:00 PM,True
Charlotte Smoothie 's birthday ,10/12/2020,07:00 AM,10/12/2020,10:00 PM,True
Charloss 's birthday ,06/01/2020,07:00 AM,06/01/2020,10:00 PM,True
Chew 's birthday ,05/23/2020,07:00 AM,05/23/2020,10:00 PM,True
Chimney 's birthday ,06/02/2020,07:00 AM,06/02/2020,10:00 PM,True
Chinjao 's birthday ,12/12/2020,07:00 AM,12/12/2020,10:00 PM,True
Chyoko (Tamago) 's birthday ,04/14/2020,07:00 AM,04/14/2020,10:00 PM,True
Coby 's birthday ,05/13/2020,07:00 AM,05/13/2020,10:00 PM,True
Comile 's birthday ,10/01/2020,07:00 AM,10/01/2020,10:00 PM,True
Conis 's birthday ,05/20/2020,07:00 AM,05/20/2020,10:00 PM,True
Corgi 's birthday ,08/25/2020,07:00 AM,08/25/2020,10:00 PM,True
Crocodile 's birthday ,09/05/2020,07:00 AM,09/05/2020,10:00 PM,True
Crocus 's birthday ,01/04/2020,07:00 AM,01/04/2020,10:00 PM,True
Curiel 's birthday ,09/12/2020,07:00 AM,09/12/2020,10:00 PM,True
Curly Dadan 's birthday ,08/30/2020,07:00 AM,08/30/2020,10:00 PM,True
Daisy 's birthday ,02/15/2020,07:00 AM,02/15/2020,10:00 PM,True
Dalmatian 's birthday ,11/01/2020,07:00 AM,11/01/2020,10:00 PM,True
Dalton 's birthday ,06/10/2020,07:00 AM,06/10/2020,10:00 PM,True
Daruma 's birthday ,07/08/2020,07:00 AM,07/08/2020,10:00 PM,True
Daz Bones (Mr. 1) 's birthday ,01/01/2020,07:00 AM,01/01/2020,10:00 PM,True
Doma 's birthday ,02/01/2020,07:00 AM,02/01/2020,10:00 PM,True
Decalvan Brothers 's birthday ,05/22/2020,07:00 AM,05/22/2020,10:00 PM,True
Delacauaji 's birthday ,09/01/2020,07:00 AM,09/01/2020,10:00 PM,True
Dellinger 's birthday ,08/11/2020,07:00 AM,08/11/2020,10:00 PM,True
Demaro Black 's birthday ,05/05/2020,07:00 AM,05/05/2020,10:00 PM,True
Den 's birthday ,10/10/2020,07:00 AM,10/10/2020,10:00 PM,True
Devil Dias 's birthday ,09/18/2020,07:00 AM,09/18/2020,10:00 PM,True
Diamante 's birthday ,05/29/2020,07:00 AM,05/29/2020,10:00 PM,True
Disco 's birthday ,06/12/2020,07:00 AM,06/12/2020,10:00 PM,True
Doberman 's birthday ,10/08/2020,07:00 AM,10/08/2020,10:00 PM,True
Doc Q 's birthday ,10/18/2020,07:00 AM,10/18/2020,10:00 PM,True
Dogra 's birthday ,12/19/2020,07:00 AM,12/19/2020,10:00 PM,True
Doma 's birthday ,02/01/2020,07:00 AM,02/01/2020,10:00 PM,True
Domino 's birthday ,10/30/2020,07:00 AM,10/30/2020,10:00 PM,True
Donquixote Doflamingo 's birthday ,10/23/2020,07:00 AM,10/23/2020,10:00 PM,True
Donquixote Rosinante 's birthday ,07/15/2020,07:00 AM,07/15/2020,10:00 PM,True
Dorry 's birthday ,10/02/2020,07:00 AM,10/02/2020,10:00 PM,True
Dosun 's birthday ,10/09/2020,07:00 AM,10/09/2020,10:00 PM,True
Duval 's birthday ,08/11/2020,07:00 AM,08/11/2020,10:00 PM,True
Dracule Mihawk 's birthday ,03/09/2020,07:00 AM,03/09/2020,10:00 PM,True
Edward Newgate 's birthday ,04/06/2020,07:00 AM,04/06/2020,10:00 PM,True
Elmy 's birthday ,06/30/2020,07:00 AM,06/30/2020,10:00 PM,True
Emporio Ivankov 's birthday ,01/08/2020,07:00 AM,01/08/2020,10:00 PM,True
Enel 's birthday ,05/06/2020,07:00 AM,05/06/2020,10:00 PM,True
Enishida 's birthday ,02/24/2020,07:00 AM,02/24/2020,10:00 PM,True
Epoida 's birthday ,06/04/2020,07:00 AM,06/04/2020,10:00 PM,True
Eustass Kid 's birthday ,01/10/2020,07:00 AM,01/10/2020,10:00 PM,True
Fisher Tiger 's birthday ,11/05/2020,07:00 AM,11/05/2020,10:00 PM,True
Franky 's birthday ,03/09/2020,07:00 AM,03/09/2020,10:00 PM,True
Fossa 's birthday ,04/15/2020,07:00 AM,04/15/2020,10:00 PM,True
Foxy 's birthday ,04/04/2020,07:00 AM,04/04/2020,10:00 PM,True
Fujitora (Issho) 's birthday ,08/10/2020,07:00 AM,08/10/2020,10:00 PM,True
Fukaboshi 's birthday ,02/04/2020,07:00 AM,02/04/2020,10:00 PM,True
Fukuro 's birthday ,06/29/2020,07:00 AM,06/29/2020,10:00 PM,True
Funkfreed 's birthday ,04/28/2020,07:00 AM,04/28/2020,10:00 PM,True
Fuza 's birthday ,02/03/2020,07:00 AM,02/03/2020,10:00 PM,True
Galdino (Mr. 3) 's birthday ,03/03/2020,07:00 AM,03/03/2020,10:00 PM,True
Gaimon 's birthday ,08/05/2020,07:00 AM,08/05/2020,10:00 PM,True
Gan Fal 's birthday ,12/22/2020,07:00 AM,12/22/2020,10:00 PM,True
Gedatsu 's birthday ,08/10/2020,07:00 AM,08/10/2020,10:00 PM,True
Gekko Moriah 's birthday ,09/06/2020,07:00 AM,09/06/2020,10:00 PM,True
Genbo 's birthday ,02/09/2020,07:00 AM,02/09/2020,10:00 PM,True
Gin 's birthday ,04/07/2020,07:00 AM,04/07/2020,10:00 PM,True
Gladius 's birthday ,08/06/2020,07:00 AM,08/06/2020,10:00 PM,True
Gloriosa 's birthday ,02/04/2020,07:00 AM,02/04/2020,10:00 PM,True
Going Merry 's birthday ,01/22/2020,07:00 AM,01/22/2020,10:00 PM,True
Gol D. Roger 's birthday ,12/31/2020,07:00 AM,12/31/2020,10:00 PM,True
Gomorrah 's birthday ,08/06/2020,07:00 AM,08/06/2020,10:00 PM,True
Gonbe 's birthday ,02/08/2020,07:00 AM,02/08/2020,10:00 PM,True
Gorilla 's birthday ,05/18/2020,07:00 AM,05/18/2020,10:00 PM,True
Goro 's birthday ,11/26/2020,07:00 AM,11/26/2020,10:00 PM,True
Gyro 's birthday ,06/22/2020,07:00 AM,06/22/2020,10:00 PM,True
Hack 's birthday ,08/09/2020,07:00 AM,08/09/2020,10:00 PM,True
Hamburg 's birthday ,02/22/2020,07:00 AM,02/22/2020,10:00 PM,True
Hammond 's birthday ,07/17/2020,07:00 AM,07/17/2020,10:00 PM,True
Hannyabal 's birthday ,08/28/2020,07:00 AM,08/28/2020,10:00 PM,True
Haredas 's birthday ,10/14/2020,07:00 AM,10/14/2020,10:00 PM,True
Hatchan 's birthday ,08/08/2020,07:00 AM,08/08/2020,10:00 PM,True
Hattori 's birthday ,08/10/2020,07:00 AM,08/10/2020,10:00 PM,True
Helmeppo 's birthday ,07/16/2020,07:00 AM,07/16/2020,10:00 PM,True
Heracles 's birthday ,05/10/2020,07:00 AM,05/10/2020,10:00 PM,True
Hiluluk 's birthday ,01/12/2020,07:00 AM,01/12/2020,10:00 PM,True
Hina 's birthday ,03/03/2020,07:00 AM,03/03/2020,10:00 PM,True
Hoe 's birthday ,09/13/2020,07:00 AM,09/13/2020,10:00 PM,True
Hody Jones 's birthday ,04/14/2020,07:00 AM,04/14/2020,10:00 PM,True
Hogback 's birthday ,12/19/2020,07:00 AM,12/19/2020,10:00 PM,True
Holy 's birthday ,11/07/2020,07:00 AM,11/07/2020,10:00 PM,True
Hyouzou 's birthday ,04/18/2020,07:00 AM,04/18/2020,10:00 PM,True
Iceburg 's birthday ,01/03/2020,07:00 AM,01/03/2020,10:00 PM,True
Igaram 's birthday ,12/06/2020,07:00 AM,12/06/2020,10:00 PM,True
Ikaros Much 's birthday ,01/13/2020,07:00 AM,01/13/2020,10:00 PM,True
Inazuma 's birthday ,08/03/2020,07:00 AM,08/03/2020,10:00 PM,True
Indigo 's birthday ,12/05/2020,07:00 AM,12/05/2020,10:00 PM,True
Inuarashi 's birthday ,10/11/2020,07:00 AM,10/11/2020,10:00 PM,True
Islewan 's birthday ,01/01/2020,07:00 AM,01/01/2020,10:00 PM,True
Isshily 's birthday ,05/04/2020,07:00 AM,05/04/2020,10:00 PM,True
Itomimizu 's birthday ,01/11/2020,07:00 AM,01/11/2020,10:00 PM,True
Izo 's birthday ,10/13/2020,07:00 AM,10/13/2020,10:00 PM,True
Jabra 's birthday ,06/05/2020,07:00 AM,06/05/2020,10:00 PM,True
Jaguar D. Saulo 's birthday ,03/06/2020,07:00 AM,03/06/2020,10:00 PM,True
Jalmack 's birthday ,11/09/2020,07:00 AM,11/09/2020,10:00 PM,True
Jean Bart 's birthday ,04/06/2020,07:00 AM,04/06/2020,10:00 PM,True
Jesus Burgess 's birthday ,12/25/2020,07:00 AM,12/25/2020,10:00 PM,True
Jerry 's birthday ,02/22/2020,07:00 AM,02/22/2020,10:00 PM,True
Jewelry Bonney 's birthday ,09/01/2020,07:00 AM,09/01/2020,10:00 PM,True
Jinbe 's birthday ,04/02/2020,07:00 AM,04/02/2020,10:00 PM,True
John Giant 's birthday ,05/19/2020,07:00 AM,05/19/2020,10:00 PM,True
Jora 's birthday ,01/25/2020,07:00 AM,01/25/2020,10:00 PM,True
Jozu 's birthday ,11/11/2020,07:00 AM,11/11/2020,10:00 PM,True
Kadar 's birthday ,07/29/2020,07:00 AM,07/29/2020,10:00 PM,True
Kaku 's birthday ,08/07/2020,07:00 AM,08/07/2020,10:00 PM,True
Kaido 's birthday ,05/01/2020,07:00 AM,05/01/2020,10:00 PM,True
Kalifa 's birthday ,04/23/2020,07:00 AM,04/23/2020,10:00 PM,True
Kamakiri 's birthday ,07/10/2020,07:00 AM,07/10/2020,10:00 PM,True
Kanjuro 's birthday ,07/21/2020,07:00 AM,07/21/2020,10:00 PM,True
Karma 's birthday ,06/06/2020,07:00 AM,06/06/2020,10:00 PM,True
Kashi 's birthday ,04/01/2020,07:00 AM,04/01/2020,10:00 PM,True
Kashigami 's birthday ,11/04/2020,07:00 AM,11/04/2020,10:00 PM,True
Kaya 's birthday ,08/08/2020,07:00 AM,08/08/2020,10:00 PM,True
Keimi 's birthday ,11/03/2020,07:00 AM,11/03/2020,10:00 PM,True
Kiwi 's birthday ,09/01/2020,07:00 AM,09/01/2020,10:00 PM,True
Kin’emon 's birthday ,01/15/2020,07:00 AM,01/15/2020,10:00 PM,True
Kingdew 's birthday ,11/13/2020,07:00 AM,11/13/2020,10:00 PM,True
Killer 's birthday ,02/02/2020,07:00 AM,02/02/2020,10:00 PM,True
Kizaru (Borsalino) 's birthday ,11/23/2020,07:00 AM,11/23/2020,10:00 PM,True
Koala 's birthday ,10/25/2020,07:00 AM,10/25/2020,10:00 PM,True
Kohza 's birthday ,05/26/2020,07:00 AM,05/26/2020,10:00 PM,True
Kokoro 's birthday ,10/05/2020,07:00 AM,10/05/2020,10:00 PM,True
Kong 's birthday ,05/09/2020,07:00 AM,05/09/2020,10:00 PM,True
Krieg 's birthday ,09/19/2020,07:00 AM,09/19/2020,10:00 PM,True
Kuina 's birthday ,09/17/2020,07:00 AM,09/17/2020,10:00 PM,True
Kumadori 's birthday ,02/20/2020,07:00 AM,02/20/2020,10:00 PM,True
Kumashi 's birthday ,09/04/2020,07:00 AM,09/04/2020,10:00 PM,True
Kuro 's birthday ,04/22/2020,07:00 AM,04/22/2020,10:00 PM,True
Kuroobi 's birthday ,10/25/2020,07:00 AM,10/25/2020,10:00 PM,True
Kuzan 's birthday ,09/21/2020,07:00 AM,09/21/2020,10:00 PM,True
Kyros 's birthday ,09/22/2020,07:00 AM,09/22/2020,10:00 PM,True
Laboon 's birthday ,09/16/2020,07:00 AM,09/16/2020,10:00 PM,True
Lacroix 's birthday ,06/08/2020,07:00 AM,06/08/2020,10:00 PM,True
Lacuba 's birthday ,05/31/2020,07:00 AM,05/31/2020,10:00 PM,True
Lafitte 's birthday ,03/13/2020,07:00 AM,03/13/2020,10:00 PM,True
Lao G 's birthday ,10/07/2020,07:00 AM,10/07/2020,10:00 PM,True
Laki 's birthday ,07/07/2020,07:00 AM,07/07/2020,10:00 PM,True
Leo 's birthday ,07/24/2020,07:00 AM,07/24/2020,10:00 PM,True
Lieu. Spacey 's birthday ,03/21/2020,07:00 AM,03/21/2020,10:00 PM,True
Little Oars Jr. 's birthday ,02/12/2020,07:00 AM,02/12/2020,10:00 PM,True
Lola 's birthday ,01/27/2020,07:00 AM,01/27/2020,10:00 PM,True
Lord of the Earth 's birthday ,08/04/2020,07:00 AM,08/04/2020,10:00 PM,True
Lord of the Forest 's birthday ,04/04/2020,07:00 AM,04/04/2020,10:00 PM,True
Lucky Roo 's birthday ,07/06/2020,07:00 AM,07/06/2020,10:00 PM,True
Machvise 's birthday ,08/13/2020,07:00 AM,08/13/2020,10:00 PM,True
Macro 's birthday ,09/06/2020,07:00 AM,09/06/2020,10:00 PM,True
Magellan 's birthday ,10/09/2020,07:00 AM,10/09/2020,10:00 PM,True
Magra 's birthday ,10/20/2020,07:00 AM,10/20/2020,10:00 PM,True
Makino 's birthday ,02/23/2020,07:00 AM,02/23/2020,10:00 PM,True
Manboshi 's birthday ,03/30/2020,07:00 AM,03/30/2020,10:00 PM,True
Marco 's birthday ,10/05/2020,07:00 AM,10/05/2020,10:00 PM,True
Marguerite 's birthday ,04/09/2020,07:00 AM,04/09/2020,10:00 PM,True
Marshall D. Teach 's birthday ,08/03/2020,07:00 AM,08/03/2020,10:00 PM,True
Masira 's birthday ,03/04/2020,07:00 AM,03/04/2020,10:00 PM,True
McGuy 's birthday ,09/03/2020,07:00 AM,09/03/2020,10:00 PM,True
Megalo 's birthday ,04/08/2020,07:00 AM,04/08/2020,10:00 PM,True
Mikazuki 's birthday ,02/10/2020,07:00 AM,02/10/2020,10:00 PM,True
Minister of the Left 's birthday ,07/02/2020,07:00 AM,07/02/2020,10:00 PM,True
Minister of the Right 's birthday ,04/05/2020,07:00 AM,04/05/2020,10:00 PM,True
Minokoala 's birthday ,03/05/2020,07:00 AM,03/05/2020,10:00 PM,True
Minorhinoceros 's birthday ,03/01/2020,07:00 AM,03/01/2020,10:00 PM,True
Minotaurus 's birthday ,03/04/2020,07:00 AM,03/04/2020,10:00 PM,True
Minozebra 's birthday ,03/07/2020,07:00 AM,03/07/2020,10:00 PM,True
Miss Father’s Day 's birthday ,06/21/2020,07:00 AM,06/21/2020,10:00 PM,True
Miss Goldenweek 's birthday ,04/29/2020,07:00 AM,04/29/2020,10:00 PM,True
Miss Valentine 's birthday ,02/14/2020,07:00 AM,02/14/2020,10:00 PM,True
Moda 's birthday ,06/01/2020,07:00 AM,06/01/2020,10:00 PM,True
Mohji 's birthday ,10/01/2020,07:00 AM,10/01/2020,10:00 PM,True
Mohmoo 's birthday ,04/09/2020,07:00 AM,04/09/2020,10:00 PM,True
Momonga 's birthday ,06/06/2020,07:00 AM,06/06/2020,10:00 PM,True
Monda 's birthday ,04/03/2020,07:00 AM,04/03/2020,10:00 PM,True
Monet 's birthday ,08/27/2020,07:00 AM,08/27/2020,10:00 PM,True
Monkey D. Dragon 's birthday ,10/05/2020,07:00 AM,10/05/2020,10:00 PM,True
Monkey D. Garp 's birthday ,05/02/2020,07:00 AM,05/02/2020,10:00 PM,True
Monkey D. Luffy 's birthday ,05/05/2020,07:00 AM,05/05/2020,10:00 PM,True
Montblanc Cricket 's birthday ,09/11/2020,07:00 AM,09/11/2020,10:00 PM,True
Montblanc Noland 's birthday ,10/09/2020,07:00 AM,10/09/2020,10:00 PM,True
Morgan 's birthday ,04/13/2020,07:00 AM,04/13/2020,10:00 PM,True
Mousse 's birthday ,06/03/2020,07:00 AM,06/03/2020,10:00 PM,True
Motobaro 's birthday ,08/19/2020,07:00 AM,08/19/2020,10:00 PM,True
Mozu 's birthday ,01/07/2020,07:00 AM,01/07/2020,10:00 PM,True
Mr. 5 's birthday ,07/26/2020,07:00 AM,07/26/2020,10:00 PM,True
Nami 's birthday ,07/03/2020,07:00 AM,07/03/2020,10:00 PM,True
Namur 's birthday ,07/06/2020,07:00 AM,07/06/2020,10:00 PM,True
Nekomamushi 's birthday ,11/22/2020,07:00 AM,11/22/2020,10:00 PM,True
Nefeltari Cobra 's birthday ,02/13/2020,07:00 AM,02/13/2020,10:00 PM,True
Nefeltari Vivi 's birthday ,02/02/2020,07:00 AM,02/02/2020,10:00 PM,True
Neptune 's birthday ,07/03/2020,07:00 AM,07/03/2020,10:00 PM,True
Nero 's birthday ,01/26/2020,07:00 AM,01/26/2020,10:00 PM,True
Nico Robin 's birthday ,02/06/2020,07:00 AM,02/06/2020,10:00 PM,True
Nico Olivia 's birthday ,02/06/2020,07:00 AM,02/06/2020,10:00 PM,True
Nola 's birthday ,03/10/2020,07:00 AM,03/10/2020,10:00 PM,True
Nojiko 's birthday ,07/25/2020,07:00 AM,07/25/2020,10:00 PM,True
Oars 's birthday ,10/04/2020,07:00 AM,10/04/2020,10:00 PM,True
Octopako 's birthday ,08/05/2020,07:00 AM,08/05/2020,10:00 PM,True
Ohm 's birthday ,03/25/2020,07:00 AM,03/25/2020,10:00 PM,True
Oimo 's birthday ,01/06/2020,07:00 AM,01/06/2020,10:00 PM,True
Onigumo 's birthday ,02/08/2020,07:00 AM,02/08/2020,10:00 PM,True
Otohime 's birthday ,01/10/2020,07:00 AM,01/10/2020,10:00 PM,True
Palms 's birthday ,03/11/2020,07:00 AM,03/11/2020,10:00 PM,True
Pandaman 's birthday ,02/29/2020,07:00 AM,02/29/2020,10:00 PM,True
Pappug 's birthday ,09/21/2020,07:00 AM,09/21/2020,10:00 PM,True
Paulie 's birthday ,07/08/2020,07:00 AM,07/08/2020,10:00 PM,True
Pedro 's birthday ,06/16/2020,07:00 AM,06/16/2020,10:00 PM,True
Peeply Lulu 's birthday ,01/02/2020,07:00 AM,01/02/2020,10:00 PM,True
Pell 's birthday ,08/23/2020,07:00 AM,08/23/2020,10:00 PM,True
Pekoms 's birthday ,04/11/2020,07:00 AM,04/11/2020,10:00 PM,True
Penguin 's birthday ,04/25/2020,07:00 AM,04/25/2020,10:00 PM,True
Perona 's birthday ,06/07/2020,07:00 AM,06/07/2020,10:00 PM,True
Peterman 's birthday ,01/04/2020,07:00 AM,01/04/2020,10:00 PM,True
Pica 's birthday ,12/14/2020,07:00 AM,12/14/2020,10:00 PM,True
Pickles 's birthday ,01/09/2020,07:00 AM,01/09/2020,10:00 PM,True
Pierre 's birthday ,10/08/2020,07:00 AM,10/08/2020,10:00 PM,True
Porche 's birthday ,11/16/2020,07:00 AM,11/16/2020,10:00 PM,True
Porchemi 's birthday ,04/03/2020,07:00 AM,04/03/2020,10:00 PM,True
Portgas D. Ace 's birthday ,01/01/2020,07:00 AM,01/01/2020,10:00 PM,True
Portgas D. Rouge 's birthday ,06/10/2020,07:00 AM,06/10/2020,10:00 PM,True
Rakuyo 's birthday ,09/08/2020,07:00 AM,09/08/2020,10:00 PM,True
Rampo 's birthday ,07/10/2020,07:00 AM,07/10/2020,10:00 PM,True
Ran 's birthday ,11/24/2020,07:00 AM,11/24/2020,10:00 PM,True
Rebecca 's birthday ,08/04/2020,07:00 AM,08/04/2020,10:00 PM,True
Richie 's birthday ,07/21/2020,07:00 AM,07/21/2020,10:00 PM,True
Riku Dold III 's birthday ,06/27/2020,07:00 AM,06/27/2020,10:00 PM,True
Rindo 's birthday ,09/16/2020,07:00 AM,09/16/2020,10:00 PM,True
Rob Lucci 's birthday ,06/02/2020,07:00 AM,06/02/2020,10:00 PM,True
Rockstar 's birthday ,06/09/2020,07:00 AM,06/09/2020,10:00 PM,True
Ronse 's birthday ,06/02/2020,07:00 AM,06/02/2020,10:00 PM,True
Roronoa Zoro 's birthday ,11/11/2020,07:00 AM,11/11/2020,10:00 PM,True
Roswald 's birthday ,06/28/2020,07:00 AM,06/28/2020,10:00 PM,True
Ryuuboshi 's birthday ,06/24/2020,07:00 AM,06/24/2020,10:00 PM,True
Ryuuma 's birthday ,11/06/2020,07:00 AM,11/06/2020,10:00 PM,True
Sabo 's birthday ,03/20/2020,07:00 AM,03/20/2020,10:00 PM,True
Sadi-chan 's birthday ,03/05/2020,07:00 AM,03/05/2020,10:00 PM,True
Sai 's birthday ,08/13/2020,07:00 AM,08/13/2020,10:00 PM,True
Sakazuki 's birthday ,08/16/2020,07:00 AM,08/16/2020,10:00 PM,True
Saldeath 's birthday ,06/08/2020,07:00 AM,06/08/2020,10:00 PM,True
Salome 's birthday ,03/06/2020,07:00 AM,03/06/2020,10:00 PM,True
Satori 's birthday ,03/10/2020,07:00 AM,03/10/2020,10:00 PM,True
Scarlet 's birthday ,10/28/2020,07:00 AM,10/28/2020,10:00 PM,True
Scratchmen Apoo 's birthday ,03/19/2020,07:00 AM,03/19/2020,10:00 PM,True
Sengoku 's birthday ,05/09/2020,07:00 AM,05/09/2020,10:00 PM,True
Senor Pink 's birthday ,06/12/2020,07:00 AM,06/12/2020,10:00 PM,True
Sentomaru 's birthday ,03/10/2020,07:00 AM,03/10/2020,10:00 PM,True
Seto 's birthday ,07/16/2020,07:00 AM,07/16/2020,10:00 PM,True
Shachi 's birthday ,04/07/2020,07:00 AM,04/07/2020,10:00 PM,True
Shakuyaku (Shakky) 's birthday ,05/08/2020,07:00 AM,05/08/2020,10:00 PM,True
Shalulia 's birthday ,03/29/2020,07:00 AM,03/29/2020,10:00 PM,True
Shanks 's birthday ,03/09/2020,07:00 AM,03/09/2020,10:00 PM,True
Sherrie 's birthday ,10/31/2020,07:00 AM,10/31/2020,10:00 PM,True
Shiki 's birthday ,03/20/2020,07:00 AM,03/20/2020,10:00 PM,True
Shilliew 's birthday ,06/11/2020,07:00 AM,06/11/2020,10:00 PM,True
Shirahoshi 's birthday ,04/04/2020,07:00 AM,04/04/2020,10:00 PM,True
Shura 's birthday ,09/20/2020,07:00 AM,09/20/2020,10:00 PM,True
Shyarley 's birthday ,09/09/2020,07:00 AM,09/09/2020,10:00 PM,True
Silvers Rayleigh 's birthday ,05/13/2020,07:00 AM,05/13/2020,10:00 PM,True
Smoker 's birthday ,03/14/2020,07:00 AM,03/14/2020,10:00 PM,True
Sodom 's birthday ,08/06/2020,07:00 AM,08/06/2020,10:00 PM,True
Spandam 's birthday ,03/11/2020,07:00 AM,03/11/2020,10:00 PM,True
Splash 's birthday ,01/18/2020,07:00 AM,01/18/2020,10:00 PM,True
Splatter 's birthday ,01/18/2020,07:00 AM,01/18/2020,10:00 PM,True
Spandine 's birthday ,01/19/2020,07:00 AM,01/19/2020,10:00 PM,True
Speed Jiru 's birthday ,04/06/2020,07:00 AM,04/06/2020,10:00 PM,True
Spoil 's birthday ,09/15/2020,07:00 AM,09/15/2020,10:00 PM,True
Squard 's birthday ,09/06/2020,07:00 AM,09/06/2020,10:00 PM,True
Stelly 's birthday ,03/12/2020,07:00 AM,03/12/2020,10:00 PM,True
Strawberry 's birthday ,01/05/2020,07:00 AM,01/05/2020,10:00 PM,True
Stronger 's birthday ,04/16/2020,07:00 AM,04/16/2020,10:00 PM,True
Sugar 's birthday ,10/22/2020,07:00 AM,10/22/2020,10:00 PM,True
Surume 's birthday ,06/09/2020,07:00 AM,06/09/2020,10:00 PM,True
Suu 's birthday ,09/24/2020,07:00 AM,09/24/2020,10:00 PM,True
Sweet Pea 's birthday ,01/14/2020,07:00 AM,01/14/2020,10:00 PM,True
T-Bone 's birthday ,09/10/2020,07:00 AM,09/10/2020,10:00 PM,True
Taroimo 's birthday ,10/16/2020,07:00 AM,10/16/2020,10:00 PM,True
Tashigi 's birthday ,10/06/2020,07:00 AM,10/06/2020,10:00 PM,True
Terracotta 's birthday ,09/25/2020,07:00 AM,09/25/2020,10:00 PM,True
Thatch 's birthday ,03/24/2020,07:00 AM,03/24/2020,10:00 PM,True
Tilestone 's birthday ,01/06/2020,07:00 AM,01/06/2020,10:00 PM,True
Tom 's birthday ,03/16/2020,07:00 AM,03/16/2020,10:00 PM,True
Tonjit 's birthday ,10/02/2020,07:00 AM,10/02/2020,10:00 PM,True
Tony Tony Chopper 's birthday ,12/24/2020,07:00 AM,12/24/2020,10:00 PM,True
Toto 's birthday ,06/17/2020,07:00 AM,06/17/2020,10:00 PM,True
Trafalgar Law 's birthday ,10/06/2020,07:00 AM,10/06/2020,10:00 PM,True
Trebol 's birthday ,03/18/2020,07:00 AM,03/18/2020,10:00 PM,True
Tsukimi 's birthday ,08/15/2020,07:00 AM,08/15/2020,10:00 PM,True
Tsuru 's birthday ,03/26/2020,07:00 AM,03/26/2020,10:00 PM,True
Tyrannosaurus 's birthday ,10/20/2020,07:00 AM,10/20/2020,10:00 PM,True
Urouge 's birthday ,08/01/2020,07:00 AM,08/01/2020,10:00 PM,True
Usopp 's birthday ,04/01/2020,07:00 AM,04/01/2020,10:00 PM,True
Van Augur 's birthday ,10/05/2020,07:00 AM,10/05/2020,10:00 PM,True
Vander Decken IX 's birthday ,08/22/2020,07:00 AM,08/22/2020,10:00 PM,True
Vasco Shot 's birthday ,08/05/2020,07:00 AM,08/05/2020,10:00 PM,True
Vegapunk 's birthday ,08/09/2020,07:00 AM,08/09/2020,10:00 PM,True
Vergo 's birthday ,07/05/2020,07:00 AM,07/05/2020,10:00 PM,True
Verygood 's birthday ,09/10/2020,07:00 AM,09/10/2020,10:00 PM,True
Vinsmoke Ichiji 's birthday ,03/02/2020,07:00 AM,03/02/2020,10:00 PM,True
Vinsmoke Niji 's birthday ,03/02/2020,07:00 AM,03/02/2020,10:00 PM,True
Vinsmoke Reiju 's birthday ,11/11/2020,07:00 AM,11/11/2020,10:00 PM,True
Vinsmoke Sora 's birthday ,07/09/2020,07:00 AM,07/09/2020,10:00 PM,True
Vinsmoke Sanji 's birthday ,03/02/2020,07:00 AM,03/02/2020,10:00 PM,True
Vinsmoke Yonji 's birthday ,03/02/2020,07:00 AM,03/02/2020,10:00 PM,True
Viola (Violet) 's birthday ,04/30/2020,07:00 AM,04/30/2020,10:00 PM,True
Vista 's birthday ,02/05/2020,07:00 AM,02/05/2020,10:00 PM,True
Wadatsumi 's birthday ,02/09/2020,07:00 AM,02/09/2020,10:00 PM,True
Wanze 's birthday ,09/04/2020,07:00 AM,09/04/2020,10:00 PM,True
Wapol 's birthday ,08/09/2020,07:00 AM,08/09/2020,10:00 PM,True
Whitey Bay 's birthday ,10/31/2020,07:00 AM,10/31/2020,10:00 PM,True
Wiper 's birthday ,08/18/2020,07:00 AM,08/18/2020,10:00 PM,True
Woop Slap 's birthday ,02/28/2020,07:00 AM,02/28/2020,10:00 PM,True
X (Diez) Drake 's birthday ,10/24/2020,07:00 AM,10/24/2020,10:00 PM,True
Yama 's birthday ,10/03/2020,07:00 AM,10/03/2020,10:00 PM,True
Yamakaji 's birthday ,04/05/2020,07:00 AM,04/05/2020,10:00 PM,True
Yasopp 's birthday ,08/02/2020,07:00 AM,08/02/2020,10:00 PM,True
Yorki 's birthday ,04/09/2020,07:00 AM,04/09/2020,10:00 PM,True
Zambia 's birthday ,03/08/2020,07:00 AM,03/08/2020,10:00 PM,True
Zeff 's birthday ,04/02/2020,07:00 AM,04/02/2020,10:00 PM,True
Zeo 's birthday ,11/11/2020,07:00 AM,11/11/2020,10:00 PM,True
